No.,大カテゴリ,大カテゴリ_表示優先順位,小カテゴリ,小カテゴリ_表示優先順位,詳細カテゴリ,質問 (Q),回答 (A)
1,症状①,1,ふるえ,1,振戦,手足の震え（振戦）が止まりません。,安静にしている時に震えるのが特徴です。緊張すると強まり、動こうとすると止まることが多いです。薬でコントロールを目指します。
2,症状①,1,動作緩慢（かんまん）,2,動作緩慢,体が硬くて動きにくいです。,「筋強剛（固縮）」と言い、筋肉がこわばってスムーズに動かせなくなる症状です。他動的に手足を動かすとガクガクとした抵抗を感じます。
3,症状①,1,動作緩慢（かんまん）,2,動作緩慢,動作が遅くなり、着替えに時間がかかります。,「無動（寡動）」という症状です。動作の開始に時間がかかったり、動作自体が小さくなったりします。
4,症状①,1,歩行,3,すくみ足,歩き出しの一歩が出ません。,「すくみ足」と言います。狭い場所や曲がり角で出やすいです。「イチ、ニ」と声をかけたり、床の目印をまたぐようにすると改善することがあります。
5,症状①,1,歩行,3,すくみ足,横断歩道で足が止まってしまい怖いです。,焦ると余計に出ます。片手を挙げて周囲に合図する、携帯しているレーザーポインターの光をまたぐ、足踏みをしてから歩き出すなどの「きっかけ」を作ると動き出せることがあります。
6,症状①,1,歩行,3,合併疾患,転倒して骨折しやすいと聞きました。,バランス障害やすくみ足により転倒リスクが高いです。特に大腿骨の骨折は寝たきりの原因になりやすいため、住環境の整備や骨粗鬆症の治療も大切です。
7,症状①,1,姿勢,4,姿勢異常,姿勢が前かがみになってしまいます。,パーキンソン病特有の「前傾姿勢」です。バランスを崩しやすく転倒の原因になるため、意識的な背筋の伸展やリハビリが重要です。
8,症状①,1,姿勢,4,姿勢異常,腰が直角に曲がってしまいました。,「腰曲がり（カンプトコーミア）」と呼ばれる姿勢異常です。パーキンソン病の症状の場合もあれば、骨や筋肉の問題の場合もあります。
9,症状①,1,オン・オフ,5,ウェアリング・オフ,薬が効いている時間が短くなってきました。,「ウェアリング・オフ現象」と言います。病気が進むと薬の効果持続時間が短くなります。服薬回数を増やしたり、薬の種類を変えて調整します。
10,症状①,1,オン・オフ,5,オン・オフ,急に動けなくなったり、動けたりします。,「オン・オフ現象」と言います。服薬時間に関係なく症状が変動する現象です。持続型の薬や貼り薬などで血中濃度を安定させる工夫をします。
11,症状①,1,オン・オフ,5,オン・オフ,「モーニング・オフ」とは何ですか？,朝起きた時に、薬が切れていて体が動かない状態です。就寝前の薬を増やしたり、長時間作用型の薬に変えるなどの対策をします。
12,症状①,1,オン・オフ,5,ディレイド・オン,「ディレイド・オン」とは何ですか？,薬を飲んだのに、効いてくるまでに時間がかかることです。食事の影響（タンパク質）や便秘による吸収遅延が原因のことが多いです。
13,症状①,1,オン・オフ,5,ノー・オン,「ノー・オン」とは何ですか？,薬を飲んだのに、今回は全く効かなかったという現象です。食後すぐの服用や、吸収不良などが考えられます。次の回まで待つか、頓服を使うか医師と相談しておきましょう。
14,症状②,2,ふらつき,1,起立性低血圧,立ちくらみがします。,「起立性低血圧」の可能性があります。急に立ち上がらず、ゆっくり動くようにしてください。弾性ストッキングの使用も有効です。
15,症状②,2,よだれ,2,その他,口の周りが赤くただれてしまいました。,唾液による皮膚炎です。こまめに拭き取る必要がありますが、こすらずに「押さえる」ように拭いてください。ワセリンなどで保護することも有効です。
16,症状②,2,よだれ,2,治療,よだれを減らす薬はありますか？,あります。抗コリン薬などが有効な場合がありますが、口の渇きや便秘などの副作用との兼ね合いが必要です。また、ボツリヌス療法を唾液腺に行う治療も保険適用されています。
17,症状②,2,よだれ,2,流涎,よだれが出てしまいます。,唾液が増えているのではなく、飲み込み（嚥下）の回数が減ることで口の中に溜まってしまうためです。ガムを噛むなどで嚥下を促す練習も有効です。
18,症状②,2,よだれ,2,流涎,よだれが多くて人前で話すのが恥ずかしいです。,唾液の量が増えたのではなく、飲み込み（嚥下）の回数が減って口に溜まるのが原因です。意識して「ゴックン」と飲み込むタイミングを作ったり、ガムを噛む練習が有効です。
19,症状②,2,よだれ,2,流涎,寝ている間に枕がびしょ濡れになります。,横になると重力で喉に流れ込みにくくなるため、外に出やすくなります。頭を少し高くして寝る、吸水性の高いタオルを敷くなどの対策をしましょう。
20,症状②,2,嚥下（えんげ）,3,食べ物,食べ物が飲み込みにくく、むせます。,嚥下機能の低下により「誤嚥（ごえん）」しやすくなります。誤嚥性肺炎は命に関わるため、食事形態の変更や嚥下リハビリが重要です。
21,症状②,2,嚥下（えんげ）,3,飲み物,水を飲むとむせることが増えました。,液体の飲み込みが難しくなっているサインです。とろみ剤を使って「とろみ」をつけることで、流れる速度を遅くし、むせを防ぐことができます。
22,症状②,2,嚥下（えんげ）,3,嚥下障害,食事中、静かにしていますが、喉がゴロゴロ鳴ります。,「不顕性誤嚥（むせない誤嚥）」の可能性があります。むせていなくても気管に食べ物が入っている危険な状態です。早急に嚥下機能評価（VEやVF検査）を受けるべきです。
23,症状②,2,痛み,4,痛み・しびれ,痛みやしびれはありますか？,筋肉のこわばりによる痛みや、神経そのものの痛みを感じる方がいます。腰痛や肩こりとして現れることも多いです。
24,症状②,2,痛み,4,下肢の痛み,「オフ」の時間帯だけ足やお腹が痛みます。,薬が切れた時だけ出る痛みは、パーキンソン病の症状そのものです。鎮痛剤（痛み止め）よりも、パーキンソン病の薬を調整してオフ時間をなくすことが根本解決になります。
25,症状②,2,痛み,4,かたこり,肩こりがひどく、腕が上がりません。五十肩ですか？,五十肩の可能性もありますが、パーキンソン病による筋固縮（こわばり）が肩に出ている可能性も高いです。リハビリで可動域を広げることが大切です。
26,症状②,2,痛み,4,腰まがり,腰が曲がって痛いのですが、整形外科の手術はできますか？,「腰曲がり」はパーキンソン病特有の姿勢異常の場合が多く、ボルトを入れる手術などは骨質の問題や感染リスクから慎重な判断が必要です。まずはパーキンソン病の薬の調整やリハビリを優先します。
27,症状②,2,痛み,4,早朝の痛み,朝起きると背中や腰が激痛です。,夜間に薬の効果が切れ、筋肉が固まることで起こる痛み（早朝オフ）の可能性があります。持続型の薬や貼り薬への変更で改善する場合があります。
28,症状②,2,尿・便,5,下痢,最近、急に下痢をするようになりました。薬のせいですか？,COMT阻害薬などの副作用の可能性があります。また、便秘の反動で下痢になることもあります。続く場合は脱水の危険があるため、早めに受診してください。
29,症状②,2,尿・便,5,下痢,小腸で菌が増える病気と関係ありますか？,パーキンソン病の方は腸の動きが遅く、小腸内細菌増殖症（SIBO）を併発して、腹部膨満感や下痢、体重減少が起きることがあると指摘されています。
30,症状②,2,尿・便,5,排尿障害,頻尿でトイレが近いです。,過活動膀胱などの排尿障害もよく見られます。泌尿器科と連携して治療薬を使うこともあります。
31,症状②,2,尿・便,5,排尿障害,おしっこが出にくい、または漏れてしまいます。,神経因性膀胱によるものです。残尿が多いと尿路感染症の原因になるため、泌尿器科での検査・治療が必要です。
32,症状②,2,尿・便,5,便秘,便秘がひどくて困っています。,自律神経症状の一つで、非常に多くの患者さんに見られます。水分・食物繊維の摂取や、適度な運動、必要に応じて下剤を使用します。
33,症状②,2,尿・便,5,便秘,何日も便が出ないと、パーキンソン病の薬の効きが悪くなりますか？,はい。便秘で腸の動きが悪いと、レボドパが吸収される小腸まで届くのが遅れ、薬の効きが悪くなったり、効く時間が遅れたりします。便秘管理は治療の要です。
34,症状②,2,尿・便,5,便秘,市販の下剤（センナなど）を毎日飲んでもいいですか？,刺激性の下剤は、長期間毎日使うと腸が慣れて効かなくなる（耐性）ことがあります。まずは酸化マグネシウムなどの「便を柔らかくする薬」をベースにし、刺激性下剤は頓服として使うのが理想です。
35,症状②,2,尿・便,5,便秘,トイレに座っても便が出そうで出ません。,直腸まで便が来ているのに排出できない「排出困難型」の便秘が多いです。和式トイレのような前かがみの姿勢（足台を使うなど）をとると出やすくなることがあります。
36,症状②,2,尿・便,5,便秘,摘便（指でかき出すこと）をしても大丈夫ですか？,硬い便が詰まっている場合は必要ですが、粘膜を傷つける恐れがあります。頻繁に必要な場合は、訪問看護師に依頼するか、座薬や浣腸の使用を医師に相談してください。
37,症状②,2,小声,6,小声症,声が小さくなったと言われます。,発声に関わる筋肉の動きが悪くなるため、声が小さく、単調になりがちです。言語聴覚士によるリハビリが有効です。
38,症状②,2,睡眠,7,不眠,夜眠れない、または寝言がひどいです。,不眠や、夢を見て暴れる「レム睡眠行動障害」が起こることがあります。睡眠環境の調整や、睡眠薬の調整で対応します。
39,症状②,2,汗,8,自律神経,汗を異常にかいてしまいます。,自律神経の乱れにより、発汗調整がうまくいかず多汗になることがあります。着替えや室温調整で対応します。
40,症状②,2,におい,9,嗅覚鈍麻,匂いがわからなくなりました。,嗅覚障害は、運動症状が出る数年前から現れることがある早期症状の一つです。
41,症状②,2,におい,9,嗅覚鈍麻,匂いがわからないと何が困りますか？,食事の味が分かりにくくなり食欲が落ちるほか、ガス漏れや焦げ臭い匂いに気づけない危険があります。ガス警報器の設置などの安全対策が重要です。
42,症状②,2,二重にみえる,10,視覚,文字が二重に見えます（複視）。,目の筋肉の動きが悪くなって起こることがあります。プリズム眼鏡で矯正できる場合があるので、眼科に相談してみてください。
43,症状②,2,むくみ,11,皮膚,足がパンパンに腫れて赤いです。,「うっ滞性皮膚炎」かもしれません。むくみを放置すると皮膚が弱くなります。保湿と、足を挙上して休むこと、弾性ストッキングの着用が基本です。
44,症状②,2,その他,12,あぶら顔,顔が脂っぽくなりました。,「脂漏性皮膚炎」など、皮膚のトラブルが起きやすくなることがあります。清潔を保ち、必要なら皮膚科を受診してください。
45,治療全般,3,薬の基本,1,レボドパ製剤,「配合錠」とは何ですか？単剤と何が違いますか？,レボドパが脳に届く前に分解されるのを防ぐ薬（DCI）があらかじめ混ざっている薬です。効率よく脳に届けるために、現在はこのタイプが主流です。
46,治療全般,3,薬の基本,1,基本,なぜ薬を飲み続けなければならないのですか？,不足しているドパミンを補い、症状を抑えるためです。中断すると症状が悪化したり、危険な状態（悪性症候群）になることがあります。
47,治療全般,3,薬の基本,1,新薬,新しい薬やジェネリックは使えますか？,新薬は次々と開発されています。ジェネリックも多くの種類で利用可能です。主治医や薬剤師に相談してください。
48,治療全般,3,薬の基本,1,薬剤,急に動けなくなった時の「頓服薬（レスキュー）」はありますか？,レボドパの水溶液を作って飲む方法や、即効性のあるレボドパ製剤（マドパーなど）を噛み砕いて飲む方法などを、医師の指示の元で行うことがあります。
49,治療全般,3,薬の基本,1,剤形,「OD錠」とは何ですか？,口の中に入れると唾液ですぐに溶ける薬です。水なしでも飲めますが、確実に胃に届けるために、できれば少量の水で飲み込んでください。
50,治療全般,3,個別の薬,2,COMT阻害薬,この薬（コムタン等）を飲み始めてから、尿がオレンジ色になります。,薬の成分の色ですので、心配ありません。下着が汚れると色が落ちにくい場合があるので注意してください。
51,治療全般,3,個別の薬,2,COMT阻害薬,レボドパと一緒に飲まないと意味がないのですか？,はい。この薬はレボドパの分解を防ぐ働きをするもので、単独で飲んでもパーキンソン病の症状を改善する効果はありません。
52,治療全般,3,個別の薬,2,MAO-B阻害薬,アジレクト（ラサギリン）やエフピー（セレギリン）、エクフィナを飲んでいると「納豆」や「チーズ」を食べてはいけないのですか？,昔の薬では禁止されていましたが、現在日本で使われているMAO-B阻害薬（エフピー、アジレクト等）は、通常の食事量であれば制限の必要はほとんどありません。
53,治療全般,3,個別の薬,2,MAO-B阻害薬,エフピー（セレギリン）という薬に覚醒作用があると聞きました。寝る前に飲んでもいいですか？,不眠の原因になることがあるため、できるだけ朝や昼の服用が推奨されます。夕方以降に処方されている場合は医師の意図を確認してください。
54,治療全般,3,個別の薬,2,アデノシン受容体拮抗薬,「ノウリアスト」という薬はコーヒーと関係ありますか？,カフェインと似た構造を持ち、似た働きでドパミン神経を助けます。喫煙者は薬の効果が弱まる可能性があるため、医師に喫煙習慣を伝えてください。
55,治療全般,3,個別の薬,2,アポモルヒネ,「アポモルヒネ（皮下注射）」とは何ですか？,自分で注射を打つ治療法です。即効性が高く、オフ状態（動けない状態）を素早く改善します。飲み薬での調整が難しい場合に使われます。
56,治療全般,3,個別の薬,2,ジェネリック,ジェネリック医薬品に変えたら効き目が違う気がします。,主成分は同じですが、添加剤の違いで溶け方が微妙に異なることが稀にあります。違和感が強い場合は、医師や薬剤師に相談して先発品に戻すことも可能です。
57,治療全般,3,個別の薬,2,ゾニサミド,トレリーフ（ゾニサミド）はてんかんの薬だと聞きました。なぜ処方されるのですか？,元々はてんかん薬ですが、パーキンソン病の症状（特に振戦やウェアリング・オフ）を改善する効果が見つかり、現在は正式に承認されています。
58,治療全般,3,個別の薬,2,種類,レボドパ（L-dopa）とは何ですか？,脳内でドパミンに変わる薬で、パーキンソン病治療の基本となる最も効果の高い薬です。
59,治療全般,3,個別の薬,2,種類,ドパミンアゴニストとは何ですか？,ドパミンを受け取る受容体を刺激して、ドパミンがあるかのように作用させる薬です。レボドパより作用時間は長い傾向があります。
60,治療全般,3,デバイス治療,3,デバイス,胃ろうから薬を入れる治療とは？,レボドパ・カルビドパ経腸療法（LCIG）のことです。胃ろうを作り、小腸に直接薬を持続注入することで、血中濃度を安定させ、症状の変動を抑えます。
61,治療全般,3,デバイス治療,3,手術,手術（DBS、集束超音波療法）で良くなりますか？,脳深部刺激療法（DBS）などの手術があります。薬でのコントロールが難しくなった場合に検討され、振戦やウェアリング・オフの改善が期待できます。誰でも受けられるわけではありません。
62,治療全般,3,服薬について,4,嘔吐,薬を飲んですぐに吐いてしまいました。飲み直すべきですか？,飲んでから30分以内であれば、まだ吸収されていない可能性が高いため飲み直しても良い場合が多いですが、30分以上経っていれば追加は避けた方が無難です。頻繁なら医師へ相談を。
63,治療全般,3,服薬について,4,その他,誤って床に落とした薬を飲んでもいいですか？,衛生面の問題だけでなく、欠けたり湿気を吸ったりしている可能性があるため、新しい薬を飲んでください。
64,治療全般,3,服薬について,4,調整,自分で勝手に薬を減らしてもいいですか？,絶対にやめてください。急な減薬や中止は「悪性症候群」という高熱や意識障害を伴う危険な状態を引き起こす可能性があります。
65,治療全般,3,服薬について,4,飲み忘れ,飲み忘れた時はどうすればいいですか？,気づいた時に飲んでください。ただし、次の服用時間が近い場合は1回分飛ばしてください。2回分を一度に飲むのは避けてください。
66,治療全般,3,服薬について,4,服薬間違い,間違えて2回分飲んでしまいました。,一時的に吐き気や不随意運動（ジスキネジア）、幻覚が出やすくなるかもしれません。水分を多めに取り、安静にして様子を見てください。気分の悪化があれば受診してください。
67,治療全般,3,服薬について,4,服用法,水ではなく、お茶やジュースで飲んでもいいですか？,基本は水かぬるま湯です。お茶は問題ないことが多いですが、ジュース（特に柑橘系）は薬の代謝に影響するものがあるため、水が一番安全です。
68,治療全般,3,服薬について,4,飲み方・剤形,薬の効果時間を延ばすために食事を抜いてもいいですか？,空腹時の方が薬の効きは良いですが、栄養不足は筋力低下を招きます。食事を抜くのではなく、服薬を食事の30分以上前に済ませるなどの工夫をしましょう。
69,治療全般,3,服薬について,4,食事療法,食事との関係はありますか？,レボドパ製剤は、食事中のタンパク質と吸収を競合することがあります。効きが悪い場合は、服薬時間を食前（食事の30分前）にするなどの調整を医師と相談します。
70,治療全般,3,服薬について,4,嚥下障害,薬が喉に引っかかって飲み込めません。,服薬ゼリーを使うとスムーズになります。また、OD錠（口の中で溶ける薬）への変更や、主治医に相談して錠剤を粉砕してもらう方法もあります。
71,治療全般,3,服薬について,4,嚥下障害,飲み込みにくいので、錠剤を砕いて（粉にして）もいいですか？,徐放錠（じわじわ効くタイプ）など、砕くと効果が変わってしまう薬があります。自己判断で砕かず、医師や薬剤師に「粉砕が可能か」確認してください。
72,治療全般,3,その他治療,5,代替医療,水素水は効きますか？,一時期研究されましたが、現時点で明確な治療効果を示す医学的根拠（エビデンス）は確立されていません。過度な期待や高額な出費には注意してください。
73,治療全般,3,その他治療,5,民間療法,〇〇を食べれば治るというサプリを見ました。,科学的根拠のない民間療法には注意してください。高額なものを売りつけられたり、正規の治療を中断させられたりするトラブルがあります。必ず主治医に相談を。
74,治療全般,3,その他治療,5,iPS細胞,iPS細胞の治療はいつから受けられますか？,現在、治験（臨床試験）の段階です。一般の治療として普及するには、まだ数年以上かかると予想されます。
75,治療全般,3,その他治療,5,治験,治験に参加したいのですが。,実施している病院や条件（年齢、罹患期間など）が限定されています。主治医に相談するか、治験情報サイトなどで情報を探す必要があります。
76,リハビリ・運動,4,運動の意義,1,基本,リハビリは必要ですか？,極めて重要です。薬の効果を最大限に活かし、筋力や関節の柔軟性を保つために、診断直後から継続的に行うことが推奨されます。
77,リハビリ・運動,4,運動の意義,1,基本,薬を飲んでいれば、リハビリはしなくてもいいですか？,いいえ、必須です。薬は症状を抑えますが、運動機能そのものを強くするわけではありません。体力低下を防ぎ、薬の効果を長持ちさせるためにも運動療法は不可欠です。
78,リハビリ・運動,4,運動の意義,1,基本,運動は脳に良いというのは本当ですか？,本当です。運動は脳由来神経栄養因子（BDNF）などを増やし、残っている神経細胞を守ったり、新しいネットワークを作ったりする（神経可塑性）効果があると言われています。
79,リハビリ・運動,4,運動の意義,1,基本,いつからリハビリを始めるべきですか？,「診断された直後」からです。症状が軽い段階から運動習慣をつけることで、将来の進行を遅らせ、QOL（生活の質）を高く維持できるというデータがあります。
80,リハビリ・運動,4,運動の意義,1,車椅子,車椅子生活になったら、リハビリはもう無理ですか？,いいえ、座ったままできるリハビリがたくさんあります。座って行う足の上げ下げ、体幹のひねり、ボール運動などは、拘縮（関節が固まること）や浮腫みの予防に重要です。
81,リハビリ・運動,4,運動方法,2,オン・オフ,薬が効いている時（オン）と切れている時（オフ）、どっちにリハビリをやるべき？,原則は「薬が効いていて動きやすい時（オン）」に行います。オフの時に無理に動くと転倒のリスクがあります。オフの時は軽いストレッチや深呼吸程度にしましょう。
82,リハビリ・運動,4,運動方法,2,その他,表情が硬いのを治すには？,鏡を見ながら「あ・い・う・え・お」と大きく口を動かす「顔面体操」を行ってください。眉を上げたり、頬を膨らませたりする運動も効果的です。
83,リハビリ・運動,4,運動方法,2,バランス訓練,フラフラしないためのバランス訓練は？,安全な場所で「片足立ち」をしたり、太極拳のようなゆっくり体重移動をする運動が推奨されます。必ず手すりや壁の近くで行い、転倒しないよう注意してください。
84,リハビリ・運動,4,運動方法,2,環境,家でリハビリをする時の注意点は？,何より「転倒防止」です。滑りやすい靴下は履かない、ラグやコードなどつまずく物を片付ける、すぐに掴まれる場所で行うなど、安全確保を最優先にしてください。
85,リハビリ・運動,4,運動方法,2,基本,どんな運動が良いですか？,ストレッチ、ウォーキング、太極拳、ラジオ体操などが有効です。大きく体を動かすことを意識してください。無理のない範囲で継続することが大切です。
86,リハビリ・運動,4,運動方法,2,姿勢,前かがみの姿勢は治りますか？,完全に治すのは難しいですが、進行を抑えることはできます。胸の筋肉（大胸筋）のストレッチで前側を開き、背筋や体幹を鍛えて後ろ側を支える運動を行います。鏡で自分の姿勢をチェックするのも大切です。
87,リハビリ・運動,4,運動方法,2,二重課題,「デュアルタスク（二重課題）」とは何ですか？,「歩きながら計算する」「足踏みしながらしりとりをする」など、2つのことを同時に行う訓練です。注意力を鍛え、転倒予防に効果的です。
88,リハビリ・運動,4,運動方法,2,疲労,リハビリを頑張りすぎて翌日ぐったりしてしまいます。,それは「やりすぎ（オーバーワーク）」です。疲労が残ると翌日の動きが悪くなります。「もう少しやりたい」と思うくらいで止めるのが、長く続けるコツです。
89,リハビリ・運動,4,運動方法,2,頻度,毎日やらないとダメですか？,理想は毎日ですが、疲れすぎては逆効果です。「週に150分程度の中強度の運動」が一つの目安です。無理のない範囲で「継続する」ことが最も重要です。
90,リハビリ・運動,4,運動方法,2,嚥下障害,飲み込みのリハビリはどうすればいいですか？,「パタカラ体操」や、舌を前後左右に強く動かす運動、額に手を当てておへそを覗き込む「頭部挙上訓練（シャキア訓練）」などがあります。食事前に少し行うだけでも効果的です。
91,リハビリ・運動,4,運動方法,2,LSVT,「LSVT BIG（エルエスブイティー・ビッグ）」とは何ですか？,パーキンソン病に特化したリハビリプログラムです。「とにかく大きく動く（Think Big）」ことを集中的に繰り返し練習し、縮こまった動作を矯正します。認定資格を持つ療法士から指導を受けます。
92,リハビリ・運動,4,運動方法,2,器具,トレッドミル（ルームランナー）やエアロバイクは有効ですか？,非常に有効です。一定のリズムで足を動かす刺激になります。ただし、転倒事故を防ぐため、安全ベルトの使用や、誰かの見守りがある環境で行ってください。
93,リハビリ・運動,4,運動方法,2,基本,具体的にどんな運動が一番いいですか？,有酸素運動（ウォーキングなど）、筋力トレーニング、ストレッチ、バランス練習を組み合わせるのがベストです。特に「大きく体を動かす」ことを意識してください。
94,リハビリ・運動,4,運動方法,2,小声症,言葉が出にくい時のリハビリは？,「パタカラ体操」などの発声練習や、歌を歌うこと、本を音読することが有効です。言語聴覚士（ST）による指導を受けるのがベストです。
95,リハビリ・運動,4,運動方法,2,小声症,声が小さくなったのですが、喉の筋トレはありますか？,「LSVT LOUD（ラウド）」という発声訓練法があります。「あー」と大きな声を長く出す練習などが基本です。カラオケで歌うことも楽しみながらできる良いリハビリです。
96,リハビリ・運動,4,介護サービス,3,リハビリ,デイサービスでリハビリはできますか？,一般的なデイサービスでも体操は行いますが、専門的なリハビリを希望する場合は「デイケア（通所リハビリテーション）」やリハビリ特化型デイサービスを選びましょう。
97,リハビリ・運動,4,介護サービス,3,リハビリ,一人だと運動をサボってしまいます。どうすれば続きますか？,地域の「パーキンソン病体操教室」に参加したり、訪問リハビリを利用して「約束」を作ると続きやすいです。日々の運動をノートに記録するのも励みになります。
98,リハビリ・運動,4,代替手段,4,すくみ足,足がすくんで出ない時の対処法（合図）は？,「視覚的手がかり（床の線をまたぐ）」「聴覚的手がかり（メトロノームや掛け声に合わせて歩く）」が有効です。自分に合う「スイッチ」をリハビリで見つけましょう。
99,リハビリ・運動,4,代替手段,4,歩行,歩く時に気をつけるポイントは？,「かかとから着地する」「腕を大きく振る」「歩幅を広くする」「前を見る」の4点を意識してください。特に、かかと着地を意識するとすり足予防になります。
100,リハビリ・運動,4,その他,5,音楽療法,音楽療法とは何ですか？,リズムに合わせて歩くことで歩行が改善したり、歌うことで発声練習になったりします。メトロノームのリズム刺激がすくみ足に効くこともあります。
101,リハビリ・運動,4,その他,5,マッサージ,マッサージや鍼灸は効きますか？,筋肉のこわばりや痛みの緩和、リラクゼーション効果が期待できます。根本治療ではありませんが、QOL（生活の質）向上に役立ちます。
102,リハビリ・運動,4,その他,5,マッサージ,マッサージとリハビリの違いは？,マッサージは筋肉をほぐしてもらう「受動的」なもの、リハビリは自分で動かす「能動的」なものです。マッサージだけでは筋力はつきません。両方を組み合わせるのが理想的です。
103,精神・認知,5,認知症,1,一般,昔のことは覚えているのに、とっさの判断ができません。,それがパーキンソン病の認知症の特徴です。記憶力は比較的保たれていることが多いですが、情報を処理するスピードが落ちたり、物事の優先順位をつけるのが苦手になります。
104,精神・認知,5,認知症,1,変動,日によって頭がはっきりしている時と、ぼんやりしている時があります。,「認知機能の変動」と言います。1日の中や、日によって調子の波が激しいのが特徴です。ぼんやりしている時は無理に話しかけず、調子の良い時に大事な話をすると良いでしょう。
105,精神・認知,5,認知症,1,予後,認知症になりやすいですか？,病気が進行すると、認知機能が低下する（パーキンソン病認知症）リスクは高まります。幻視や注意力の低下が特徴的です。
106,精神・認知,5,認知症,1,予後,認知症になったら、もう意思疎通はできなくなりますか？,アルツハイマー型と違い、人格や言葉の理解力は長く保たれることが多いです。反応は遅くても、こちらの言っていることは理解している場合が多いので、無視したり子供扱いしたりせず、ゆっくり会話を続けてください。
107,精神・認知,5,認知症,1,リハビリ,脳トレは効果がありますか？,計算ドリルなどの机上の学習も良いですが、パーキンソン病の場合は「デュアルタスク（二重課題）」が有効です。「足踏みしながらしりとりをする」など、体と頭を同時に使う運動がおすすめです。
108,精神・認知,5,認知症,1,鑑別診断,アルツハイマー型認知症とは何が違いますか？,アルツハイマーは「新しいことを覚えられない（記憶障害）」が目立ちますが、パーキンソン病の認知症は「頭の回転が遅くなる」「段取りが悪くなる（遂行機能障害）」「注意力が散漫になる」のが特徴です。
109,精神・認知,5,認知症,1,薬剤,認知症の薬はパーキンソン病にも使えますか？,はい。アルツハイマー用の一部の薬がパーキンソン病の認知症にも保険適用されており、意欲の向上や幻視の軽減に効果が期待できます。
110,精神・認知,5,認知症,1,薬剤,薬のせいでボケることはありますか？,一部のパーキンソン病治療薬（抗コリン薬など）は、高齢者の認知機能を低下させるリスクがあります。認知症の症状が出始めたら、まずは今の薬を整理・減量することを検討します。
111,精神・認知,5,認知症,1,予後,パーキンソン病になると、必ず認知症になりますか？,必ずなるわけではありません。しかし、病気が長期化したり、高齢になるほどリスクは高まります。一般的に、発症から10年以上経過してから出現することが多いです。
112,精神・認知,5,幻覚・妄想,2,薬の副作用,幻覚が見えた時、薬をすぐに止めてもいいですか？,急な中止は危険です。まずは幻覚の原因となりやすい薬（抗コリン薬、アマンタジン、アゴニスト等）から順に減らしていく調整が必要ですので、必ず医師の指示に従ってください。
113,精神・認知,5,幻覚・妄想,2,幻視,いないはずの虫や人が見えます。,「幻視」です。薬の影響や病気の進行で見られることがあります。本人にはリアルに見えています。否定せず、部屋を明るくするなどの環境調整や薬の調整を行います。
114,精神・認知,5,幻覚・妄想,2,幻視,テレビの中の人が部屋にいると言います。,テレビと現実の区別がつかなくなることがあります（テレビ現象）。ニュースの暗い話題などが刺激になる場合は、テレビを消すか、穏やかな番組に変えてみてください。
115,精神・認知,5,幻覚・妄想,2,対応法,幻覚が見えている時、家族はどうすればいいですか？,本人が怖がっていなければ「そう見えるんだね」と受け止め、否定も肯定もしないのが基本です。怖がっている場合や、虫を払おうとして転倒する危険がある場合は治療が必要です。
116,精神・認知,5,幻覚・妄想,2,対応法,同じことを何度も聞いてきます。どう答えればいいですか？,記憶障害による場合と、不安感による場合があります。怒らずに、簡単な言葉で短く答えてください。ホワイトボードに予定を書いておくのも安心感につながります。
117,精神・認知,5,幻覚・妄想,2,妄想,「誰かが財布を盗んだ」「妻が浮気している」と言い出しました。,「妄想」です。特に「嫉妬妄想」や「被害妄想」が出ることがあります。否定すると興奮するため、話を受け止めつつ、話題をそらしたり、医師に相談して薬を調整したりします。
118,精神・認知,5,幻覚・妄想,2,幻視,「幻視」は認知症の始まりですか？,幻視（いないはずの人や虫が見える）は、パーキンソン病に伴う認知機能障害の代表的な症状の一つです。認知機能が低下してくると、現実と幻覚の区別がつきにくくなることがあります。
119,精神・認知,5,幻覚・妄想,2,幻視,亡くなった人が部屋に座っています。,恐怖感のない幻覚（小人や家族など）であれば、否定せず「そうなんだね」と受け流すのも一つの方法です。本人が怖がっている場合は治療対象となります。
120,精神・認知,5,睡眠,3,レム睡眠行動障害,夢を見て大声を出したり、暴れたりします。,「レム睡眠行動障害（RBD）」です。本人に悪気はありません。怪我を防ぐためにベッド周りを整理し、ひどい場合はクロナゼパムなどの薬で治療します。
121,精神・認知,5,運転,4,一般,認知機能が落ちても、運転技術は覚えているから大丈夫では？,大変危険です。パーキンソン病の認知症は「注意力の低下」や「反応速度の遅れ」「空間把握の悪さ」が特徴なので、運転技術以前に、とっさの判断ができず重大事故につながるリスクが高いです。
122,精神・認知,5,抑うつ,4,一般,気分が落ち込み、やる気が出ません。,「うつ症状」や「アパシー（無気力）」も病気の症状の一つです。性格の問題ではないため、主治医に相談してください。
123,精神・認知,5,買い物依存・過食,5,衝動制御障害,買い物依存や過食も病気のせいですか？,はい。必要のない物を大量に買う、甘い物を異常に食べる、性欲が異常に高まる、なども衝動制御障害の症状です。家族が気づいて医師に伝えることが重要です。
124,精神・認知,5,ギャンブル,6,薬剤,ギャンブルや買い物への衝動が抑えられません。,「衝動制御障害」という副作用の可能性があります。ドパミンアゴニストなどで稀に見られます。家族が気づいたらすぐに主治医に相談してください。
125,精神・認知,5,ギャンブル,6,衝動制御障害,家族がパチンコにのめり込み、借金を作ってしまいました。,「衝動制御障害」という、ドパミンアゴニストなどの副作用の疑いが強いです。本人は「やめられない」状態です。叱責するより先に、早急に主治医に相談し、原因薬剤の減量・中止を行う必要があります。
126,精神・認知,5,ギャンブル,6,衝動制御障害,薬を減らすと、ギャンブル・買い物依存などの衝動制御障害は治りますか？,原因となっている薬を減量または中止すれば、多くの場合改善します。ただし、急にやめると離脱症状が出ることもあるため、医師の指示のもと慎重に行います。
127,精神・認知,5,その他,7,対応法,本人のプライドを傷つけずにサポートするには？,「できないこと」を指摘するのではなく、「できること」をお願いするスタンスが大切です。動作が遅くても、急かさずに待つ姿勢が本人の安心感と自信を守ります。
128,精神・認知,5,その他,7,アパシー,ぼーっとして反応がないことが増えました。,「アパシー（無気力）」の可能性があります。うつ病にも似ていますが、本人に悲壮感はなく、ただ「自発的に何かをする意欲がわかない」状態です。家族の声掛けで動き出せることがあります。
129,精神・認知,5,その他,7,生活,部屋の場所がわからなくなります。,「視空間認知障害」と言い、目から入った情報を空間的に処理するのが苦手になります。トイレのドアに大きく「トイレ」と貼るなど、視覚的な目印が有効です。
130,精神・認知,5,その他,7,せん妄,夕方になると落ち着きがなくなり、騒ぎ出します。,「夕暮れ症候群（日暮れ時せん妄）」の可能性があります。夕方になると不安が強まるため、早めにカーテンを閉めて部屋を明るくしたり、お茶を飲んでリラックスする時間を作ってください。
131,精神・認知,5,その他,7,生活,料理の手順がわからなくなったり、小銭が出せなくなりました。,「遂行機能障害」です。計画を立てて実行するのが苦手になります。料理は下準備を手伝う、買い物は電子マネーにするなど、複雑な工程をシンプルにする工夫が必要です。
132,副作用・注意点,6,飲み合わせ,1,痛み止め,痛み止め（ロキソニンなど）や胃薬は併用できますか？,一般的な鎮痛剤や胃薬は併用可能です。ただし、胃の動きを抑えるタイプの胃薬はレボドパの吸収を悪くする可能性があります。
133,副作用・注意点,6,飲み合わせ,1,風邪薬,市販の風邪薬を飲んでもいいですか？,多くの風邪薬は問題ありませんが、一部の咳止め成分などが飲み合わせの悪い場合があります。購入時にお薬手帳を見せて薬剤師に確認してください。
134,副作用・注意点,6,飲み合わせ,1,漢方薬,漢方薬を併用してもいいですか？,芍薬甘草湯（足のつり）や抑肝散（幻覚・興奮）など、よく併用されます。ただし、ムクナ豆を含むサプリや漢方はレボドパ過剰になる恐れがあり注意が必要です。
135,副作用・注意点,6,飲み合わせ,1,サプリメント,サプリメント（コエンザイムQ10など）は飲んでもいいですか？,明確な禁止はありませんが、治療効果に影響しないか確認するため、飲み始める前に主治医に伝えておくと安心です。
136,副作用・注意点,6,飲み合わせ,1,レボドパ製剤,貧血で「鉄剤」を飲んでいますが、一緒に飲んでもいいですか？,鉄分はレボドパの吸収を妨げることがあります。できれば服用時間を2〜3時間ずらして飲むことをお勧めします。
137,副作用・注意点,6,飲み合わせ,1,レボドパ製剤,便秘薬の「酸化マグネシウム」との飲み合わせは？,酸化マグネシウムはレボドパの吸収を早める作用があるため、併用することが多いです。特に問題はありませんが、効き方が変わったと感じる場合は相談してください。
138,副作用・注意点,6,薬の副作用,2,薬剤,薬を飲むと吐き気がします。,飲み始めによくある副作用です。吐き気止め（ドンペリドンなど）を併用することで改善することが多いです。体が慣れると治まることもあります。
139,副作用・注意点,6,薬の副作用,2,眠気,薬を飲むと眠くなるので、運転してもいいですか？,パーキンソン病治療薬の多くは「突発的睡眠」や強い眠気のリスクがあります。服用中は自動車の運転や危険な機械操作は避けてください。
140,副作用・注意点,6,薬の副作用,2,吐き気止め,吐き気止めの「ドンペリドン」はいつまで飲むのですか？,薬に体が慣れてくれば不要になることが多いです。数ヶ月飲んでみて、一度やめてみて吐き気がなければ卒業できます。
141,副作用・注意点,6,薬の副作用,2,抗コリン薬,口が渇いて仕方ありません。,抗コリン薬（アーテン等）の代表的な副作用です。うがいや水分摂取、保湿ジェルの使用で対応しますが、つらい場合は減量を検討します。
142,副作用・注意点,6,薬の副作用,2,抗コリン薬,物忘れがひどくなった気がします。薬のせいですか？,高齢の方では、抗コリン薬が記憶力低下や幻覚を引き起こすことがあります。その場合、この薬の中止や変更を優先的に検討します。
143,副作用・注意点,6,薬の管理,3,多剤併用,薬の種類が多くて管理できません。,一包化（1回分を1袋にまとめる）が可能か薬局に相談しましょう。お薬カレンダーやアラームの活用もおすすめです。
144,副作用・注意点,6,薬の管理,3,多剤併用,薬が余っています。調整してもらえますか？,「残薬調整」は可能です。診察時に正直に「〇日分余っています」と伝えてください。飲み忘れが多いのか、体調が良くて飲まなかったのかも併せて伝えると治療の参考になります。
145,副作用・注意点,6,薬の管理,3,多剤併用,薬が増える一方です。減らすことはできませんか？,病気の進行に伴い薬は増える傾向にありますが、副作用が出ている場合や、効果の薄い薬は整理（減薬）できます。定期的に処方内容の見直し（棚卸し）を医師と行いましょう。
146,副作用・注意点,6,薬の管理,3,多剤併用,薬局で「一包化（パック）」できないと言われました。なぜですか？,レボドパ製剤やOD錠の中には、吸湿性が高く、パックから出すと劣化してしまうものがあるためです。その場合はシートのまま管理する必要があります。
147,副作用・注意点,6,貼り薬,4,皮膚症状,貼り薬（パッチ剤）を使っていますが、皮膚がかゆくなります。,貼る場所を毎回変えてください（お腹、太もも、腕、胸など）。保湿ケアを行い、それでもかぶれがひどい場合はステロイド軟膏を塗るか、飲み薬への変更を検討します。
148,副作用・注意点,6,貼り薬,4,飲み方・剤形,貼り薬と飲み薬、どちらがいいですか？,飲み込みに問題がある方や、血中濃度を一定に保ちたい方は貼り薬が有利です。皮膚トラブルがある方は飲み薬が向いています。ライフスタイルに合わせて選びます。
149,副作用・注意点,6,運動過多（ジスキネジア）,5,多剤併用,自分の意思と関係なく体がクネクネ動きます。,「ジスキネジア」と呼ばれる薬の副作用の可能性があります。レボドパが効きすぎている時（血中濃度が高い時）に出やすいです。薬の量の調整で対応します。
150,副作用・注意点,6,運動過多（ジスキネジア）,5,多剤併用,ジスキネジア（クネクネ）が出ても薬を減らしたくないのですが。,「動けないよりは、動いてクネクネする方がマシ」と考える患者さんもいます。生活に支障がないレベルなら、あえて薬を減らさず様子を見るという選択肢もあります。
151,副作用・注意点,6,眠気,6,対応法,日中、急に強い眠気に襲われます。,「突発的睡眠」という副作用が起こることがあります。自動車の運転は非常に危険ですので、この薬を服用中は運転を避けてください。
152,副作用・注意点,6,むくみ,7,その他,足のむくみがひどい時、利尿剤は使えますか？,利尿剤は併用可能ですが、脱水による血圧低下に注意が必要です。まずは着圧ソックスや足を高くするなどの物理的な対策を試みてください。
153,副作用・注意点,6,むくみ,7,薬剤,足のむくみがひどいです。,ドパミンアゴニストなどの副作用でむくみが出ることがあります。マッサージや足を高くして休むこと、場合によっては薬の変更を検討します。
154,副作用・注意点,6,尿,8,COMT阻害薬,薬を飲んだ後、尿の色が濃く（赤褐色・黒っぽく）なりました。,レボドパ製剤の成分が尿に排泄された際、酸化して色がつくことがありますが、体に害はありません。ただし、血尿との区別が必要な場合もあるので、続く場合は医師に伝えてください。
155,副作用・注意点,6,その他,9,多剤併用,長期間飲んでいると薬が効かなくなる「耐性」はできますか？,パーキンソン病の薬に「耐性（薬そのものが効かなくなる）」はできません。効きが悪くなるのは、病気の進行により脳内の神経細胞が減り、薬を受け止める力が弱くなるためです。
156,副作用・注意点,6,その他,9,アマンタジン,足に網目状の模様が出てきました。,「網状皮斑（もうじょうひはん）」というアマンタジンの副作用の可能性があります。痛みがなければ経過観察することもありますが、ひどい場合は薬を中止すると消失します。
157,生活・ケア,7,日常生活の工夫,1,症状,ストレスで症状は悪化しますか？,精神的な緊張やストレスは、振戦（震え）やすくみ足を悪化させることがよくあります。リラックスできる時間を持つことが大切です。
158,生活・ケア,7,日常生活の工夫,1,ふるえ,緊張すると震えが止まりません。,精神的ストレスは症状を増悪させます。「震えてもいいや」と開き直るくらいの方が落ち着くこともあります。深呼吸をしてリラックスしましょう。
159,生活・ケア,7,日常生活の工夫,1,ふるえ,スマホの操作が難しいです。,音声入力機能を使ったり、タッチペンの使用、画面の文字サイズを大きくする設定などを試してみてください。
160,生活・ケア,7,日常生活の工夫,1,仮面様顔貌,表情が乏しく、怒っていると誤解されます。,「仮面様顔貌」という症状です。意識して大きな声を出したり、身振り手振りを加えたり、言葉で気持ちを伝えるように工夫しましょう。
161,生活・ケア,7,日常生活の工夫,1,一般,家の中の段差がつらいです。,介護保険の「住宅改修費支給」を利用して、手すりの設置や段差解消の工事ができます（上限20万円まで、1〜3割負担）。
162,生活・ケア,7,日常生活の工夫,1,その他,旅行に行っても大丈夫ですか？,病状が安定していれば可能です。余裕を持ったスケジュールを組み、薬を多めに持参し、服薬時間を守るようにしてください。主治医に事前に伝えましょう。
163,生活・ケア,7,日常生活の工夫,1,衣服,ボタンが留めにくいです。,マジックテープ式の服や、ボタンエイド（自助具）の活用、大きめのボタンへの付け替えなどを検討しましょう。着脱しやすい服選びが自立を助けます。
164,生活・ケア,7,日常生活の工夫,1,書字,字が小さくなって読めないと言われます。,「小字症」と言います。マス目の大きいノートを使ったり、太いペンを使うと書きやすくなることがあります。
165,生活・ケア,7,日常生活の工夫,1,性生活,性生活に影響はありますか？,自律神経症状としての勃起障害や、運動機能低下による影響が出ることがあります。泌尿器科での治療が可能な場合もあります。
166,生活・ケア,7,日常生活の工夫,1,入浴,お風呂で滑るのが怖いです。,手すりの設置、滑り止めマットの使用、シャワーチェア（入浴用いす）の使用をお勧めします。脱衣所の温度管理（ヒートショック予防）も大切です。
167,生活・ケア,7,日常生活の工夫,1,美容,美容院に行きにくいです。,シャンプー台の姿勢がつらい、じっとしていられない等の悩みがあります。訪問美容サービスを利用したり、事情を説明して短時間で終わらせてもらう等の工夫ができます。
168,生活・ケア,7,日常生活の工夫,1,温泉,温泉に入ってもいいですか？,もちろんです。リラックス効果は良い影響を与えます。ただし、長湯での脱水や、床が滑りやすいことによる転倒には十分注意し、誰かと一緒に入るようにしてください。
169,生活・ケア,7,日常生活の工夫,1,寒暖差,夏や冬に体調が悪くなります。,パーキンソン病の方は体温調節機能が低下しています。夏は熱中症になりやすく、冬は筋肉が固まりやすいため、エアコンで室温を一定に保つことが非常に重要です。
170,生活・ケア,7,食事,2,ココナッツオイル,ココナッツオイルが脳に良いと聞きました。,ケトン体が脳のエネルギーになるという説がありますが、パーキンソン病に対する確実な医学的根拠はまだ不十分です。過剰摂取は下痢や脂質異常の原因になるので注意してください。
171,生活・ケア,7,食事,2,自助具,自分で食べるための便利な道具はありますか？,グリップが太く曲げられるスプーン、縁が高くすくいやすいお皿、滑り止めマットなどの「自助具」があります。作業療法士に相談すると最適なものを紹介してくれます。
172,生活・ケア,7,食事,2,自助具,箸が使いにくくなりました。,無理に箸を使わず、スプーンやフォークを使ってください。「先割れスプーン」なども便利です。食べることに疲れ果てないことが、栄養摂取には重要です。
173,生活・ケア,7,食事,2,水分,水分はどれくらい摂ればいいですか？,1日1.5リットル〜2リットルを目安にしてください。便秘予防、痰を出しやすくする、血圧低下の予防など、多くのメリットがあります。
174,生活・ケア,7,食事,2,体重減少,痩せてきてしまいました。どうすれば太れますか？,振戦や筋強剛でエネルギー消費が増えているのに、食事量が減っている可能性があります。少量で高カロリーな栄養補助食品（メイバランスやエンシュア等）の活用を相談してください。
175,生活・ケア,7,食事,2,体重増加,逆に、太ってしまいました。,薬の副作用で食欲が増したり、活動量が減って太る方もいます。肥満は動作を鈍くし、腰痛の原因にもなるため、野菜から食べるなどのカロリーコントロールが必要です。
176,生活・ケア,7,食事,2,タンパク質,タンパク質を減らす「低タンパク食」にするべきですか？,極端な制限は筋肉量を減らすため推奨されません。「日中は軽めにして、夕食でしっかりタンパク質を摂る」といった、摂取タイミングの調整が有効です。
177,生活・ケア,7,食事,2,タンパク質,タンパク質が薬の邪魔をすると聞きましたが、肉や魚はダメですか？,ダメではありません。筋肉を維持するためにタンパク質は必須です。薬の効きが悪くなる場合のみ、「昼は軽めにし、夕食でしっかりタンパク質を摂る」など時間をずらす工夫をします。
178,生活・ケア,7,食事,2,ビタミンB6,ビタミンB6はレボドパの効果を弱めると聞きました。,昔のレボドパ単剤ではそうでしたが、現在の配合錠（DCI配合）であれば、通常の食事やサプリに含まれる程度のビタミンB6で効果が弱まることはありません。
179,生活・ケア,7,食事,2,嚥下障害,食事時間が1時間以上かかってしまいます。,長時間の食事は疲労を招き、誤嚥のリスクを高めます。30分程度で切り上げるか、食事を小分けにして回数を増やす（分食）などの工夫が必要です。
180,生活・ケア,7,食事,2,基本,食事で気をつけることはありますか？,バランスの良い食事が基本です。便秘予防に食物繊維を、筋肉維持にタンパク質を摂りましょう。飲み込みにくい場合は、とろみをつけるなどの工夫が必要です。
181,生活・ケア,7,睡眠,3,その他,寝返りが打てず、体が固まってしまいます。,パジャマを滑りやすい素材（シルクやサテンなど）に変える、重い掛布団をやめる、ベッドに手すりをつけるなどの工夫で寝返りがしやすくなります。
182,生活・ケア,7,睡眠,3,日中の眠気,昼間の居眠りがひどいです。,夜間の睡眠の質が悪いか、薬の影響（突発的睡眠）が考えられます。夜間のいびき（睡眠時無呼吸）がないか確認し、昼間はデイサービスなどで活動的に過ごすことも対策になります。
183,生活・ケア,7,睡眠,3,寝付きが悪い,夜、布団に入ってもなかなか眠れません（入眠困難）。,日中の活動不足や、不安感が原因の場合があります。昼寝を短くする（30分以内）、日光を浴びる、寝る前のスマホをやめるなどの生活リズムの調整から始めましょう。
184,生活・ケア,7,睡眠,3,眠りが浅い,夜中に何度も目が覚めます（中途覚醒）。,トイレ（頻尿）や、寝返りが打てずに体が痛くなって目が覚めることが多いです。それぞれの原因に合わせた対策（泌尿器科治療や薬の調整、電動ベッドの活用）が必要です。
185,生活・ケア,7,睡眠,3,ムズムズ脚,足がムズムズして眠れません。,「レストレスレッグス症候群（むずむず脚症候群）」の可能性があります。ドパミンアゴニストや貼り薬が有効なことが多いので、医師に伝えてください。
186,生活・ケア,7,睡眠,3,薬剤,睡眠薬を使ってもいいですか？,使えますが、ふらつきや転倒のリスクが少ない薬（ベルソムラ、ロゼレム等）が選ばれることが多いです。ベンゾジアゼピン系は筋弛緩作用で転倒しやすいため注意が必要です。
187,生活・ケア,7,病院,4,歯科,歯医者さんでの治療に注意点はありますか？,局所麻酔薬の種類に注意が必要な場合があります。また、振戦や不随意運動で治療が難しい場合は、大学病院の口腔外科などを紹介してもらうこともあります。お薬手帳を必ず持参してください。
188,生活・ケア,7,病院,4,歯科,歯科治療の際、麻酔を使っても大丈夫ですか？,一般的な歯科用麻酔（キシロカイン等）は、アドレナリンが含まれており、レボドパやCOMT阻害薬との併用で動悸が起こる可能性があります。歯科医にお薬手帳を見せ、アドレナリン無添加の麻酔を選んでもらうと安心です。
189,生活・ケア,7,病院,4,歯科,歯医者に通えなくなりました。,通院困難な場合、自宅に歯科医師や衛生士が来てくれる「訪問歯科診療」が利用できます。ケアマネージャーに相談してみてください。
190,生活・ケア,7,病院,4,麻酔,手術（全身麻酔）をすることになりました。薬はどうすれば？,手術の直前まで飲み、術後は可能な限り早く再開するのが原則です。絶食期間中は点滴で対応する場合もあるため、執刀医と神経内科医の連携が必須です。
191,生活・ケア,7,病院,4,医師への相談,どの診療科にかかればいいですか？,「脳神経内科（神経内科）」が専門です。精神科や整形外科ではありませんのでご注意ください。
192,生活・ケア,7,病院,4,医師への相談,先生（主治医、医師）に言いたいことがうまく伝えられません。相談方法は？,診察時間は限られています。伝えたいこと（症状の変化、困っていること）を事前にメモにまとめて持参するとスムーズです。
193,生活・ケア,7,病院,4,大腸カメラ,大腸内視鏡検査の下剤は飲んでも平気ですか？,下剤自体は問題ありませんが、検査のためにパーキンソン病の薬が飲めない時間が長くなると症状が悪化します。早朝の検査にしてもらうなどの調整を相談してください。
194,生活・ケア,7,病院,4,MRI検査,貼り薬の中に金属が入っていると聞きました。MRI検査は大丈夫ですか？,一部の貼り薬（ニュープロパッチ等）はアルミニウムを含んでおり、貼ったままMRIを撮ると火傷の恐れがあります。検査時は必ず剥がし、検査後に新しいものを貼ってください。
195,生活・ケア,7,薬の管理,5,その他,旅行で時差がある場合、薬はどう飲めばいいですか？,「日本時間のまま飲む」か「現地時間に合わせて調整する」か、滞在期間によります。短期なら日本時間の感覚で（間隔を空けて）飲む方が混乱が少ない場合が多いです。
196,生活・ケア,7,薬の管理,5,入浴,貼り薬はお風呂の時はどうすればいいですか？,原則として、入浴中も貼ったままにしてください。剥がれるのが心配な場合は、上から防水フィルムを貼るなどの工夫があります。もし剥がれたら新しいものを貼ってください。
197,生活・ケア,7,飲酒・喫煙,6,一般,お酒やタバコはいいですか？,少量のお酒は許可されることが多いですが、転倒リスクを高めます。喫煙は心肺機能への悪影響があるため推奨されません。
198,生活・ケア,7,運転,7,一般,自動車の運転はしてもいいですか？,症状（反応の遅れ）や薬の副作用（突発的睡眠）がある場合は、運転を控えるべきです。事故を起こしてからでは遅いため、医師とよく相談し、自主返納も検討してください。
199,生活・ケア,7,感染症,8,ワクチン,新型コロナワクチンは打ってもいいですか？,基本的には推奨されます。ただし、体調が良い時に接種し、現在服用中の薬は継続してください。不安な場合は主治医に確認してください。
200,生活・ケア,7,感染症,8,合併疾患,風邪をひきやすいですか？,体力が低下していると感染症にかかりやすくなります。特に肺炎は重症化しやすいため、インフルエンザや肺炎球菌のワクチン接種が推奨されます。
201,生活・ケア,7,感染症,8,肺炎,肺炎予防のためにできることは？,食後の歯磨きなどの「口腔ケア」が最も重要です。口の中の雑菌を減らすことで、万が一誤嚥しても肺炎になりにくくなります。
202,生活・ケア,7,災害対策,9,災害,災害時に薬がなくなったらどうなりますか？,急な中断は悪性症候群のリスクがあります。最低でも1〜2週間分の予備薬を持ち歩き用と自宅の非常袋に分けて保管してください。
203,生活・ケア,7,災害対策,9,一般,災害時の備えはどうすればいいですか？,薬が切れると動けなくなるため、お薬手帳のコピーと数日〜1週間分の予備薬を非常用持ち出し袋に入れておきましょう。避難所でのサポート依頼も考えておいてください。
204,生活・ケア,7,災害対策,9,避難所,避難所での生活が不安です。,和式トイレや雑魚寝が困難な場合があります。お薬手帳や「ヘルプマーク」を提示し、洋式トイレの近くやベッドの確保など、配慮（合理的配慮）を求めても大丈夫です。
205,生活・ケア,7,家族の相談,10,一般,家族がつい手を出してしまいます。,転倒の危険がある時以外は、できるだけ本人の力でやってもらう「見守り」がリハビリになります。時間がかかっても待ってあげてください。
206,生活・ケア,7,家族の相談,10,声掛け,家族が「なまけている」と怒ります。,パーキンソン病特有の「アパシー（無気力）」や「動作緩慢」は、やる気の問題ではなく病気の症状です。このことを家族にも説明し（または医師から説明してもらい）、理解を得ることが大切です。
207,制度・社会資源,8,介護サービス,1,ケアマネ,ケアマネージャーはどう選べばいいですか？,リストから選びますが、できれば神経難病の患者さんの担当経験がある方や、医療との連携に慣れている方が望ましいです。
208,制度・社会資源,8,介護サービス,1,サービスの種類,介護保険ではどんなサービスが受けられますか？,ホームヘルパー（訪問介護）、デイサービス（通所介護）、訪問リハビリ、ショートステイ、福祉用具レンタル（手すり、車椅子等）などがあります。
209,制度・社会資源,8,介護サービス,1,デイサービス・デイケア,「デイサービス」と「デイケア」は何が違いますか？,【デイサービス（通所介護）】は入浴、食事、レクリエーションなど生活支援が中心。【デイケア（通所リハビリテーション）】は、医師の指示の元で、理学療法士などによる専門的なリハビリを行うことが目的です。
210,制度・社会資源,8,介護サービス,1,デイサービス・デイケア,パーキンソン病には「デイサービス」と「デイケア」のどちらがおすすめですか？,リハビリが重要なので「デイケア」が推奨されることが多いですが、リハビリ特化型のデイサービスもあります。目的（お風呂に入りたいのか、運動したいのか）に合わせてケアマネジャーと相談しましょう。
211,制度・社会資源,8,介護サービス,1,認定調査,「認定調査」では何を聞かれますか？,調査員が自宅に来て、身体機能や認知機能、日常生活の動作（食事、入浴、着替えなど）について確認します。症状の日内変動がある場合は、「調子が悪い時の状態」をしっかり伝えてください。
212,制度・社会資源,8,介護サービス,1,ヘルパー,ヘルパーさんに犬の散歩や庭の草むしりを頼めますか？,できません。介護保険の生活援助は「本人に対する必要最低限の日常生活の援助」に限られます。ペットの世話、来客対応、大掃除などは対象外（自費サービスなら可能）です。
213,制度・社会資源,8,介護サービス,1,ヘルパー,家族と同居していますが、生活援助（掃除・洗濯）は頼めますか？,原則として、同居家族がいる場合は生活援助を利用できません。ただし、家族も高齢・病気である、日中独居であるなど、やむを得ない事情がある場合は認められることがあります。
214,制度・社会資源,8,介護サービス,1,介護サービス,介護保険はいつから使えますか？,通常は65歳からですが、パーキンソン病は「特定疾病」に含まれるため、40歳以上であれば第2号被保険者として申請・利用が可能です。
215,制度・社会資源,8,介護サービス,1,主治医意見書,介護サービス申請に必要な「主治医意見書」はどうすればいいですか？,役所から主治医に直接依頼が届く仕組みですが、事前に主治医に「介護保険を申請します」と伝えておく必要があります。診察時に、家での困りごとを伝えておくとスムーズです。
216,制度・社会資源,8,介護サービス,1,手続き,要介護認定の申請はどうすればいいですか？,お住まいの市区町村の役所（介護保険窓口）または地域包括支援センターで申請します。主治医の意見書が必要です。
217,制度・社会資源,8,介護サービス,1,手続き,介護保険を使いたいのですが、どこに行けばいいですか？,お住まいの市区町村役場の「介護保険課」や「地域包括支援センター」の窓口で申請します。申請書に加え、介護保険被保険者証（65歳以上）が必要です。
218,制度・社会資源,8,介護サービス,1,手続き,まだ65歳になっていませんが、介護サービスの申請はできますか？,パーキンソン病は「特定疾病（16種類）」に含まれるため、40歳以上65歳未満（第2号被保険者）でも申請・利用が可能です。医療保険証を持って窓口へ行ってください。
219,制度・社会資源,8,介護サービス,1,施設,将来、施設に入ることはできますか？,可能です。病状に合わせて、特別養護老人ホーム、老人保健施設、有料老人ホームなどから選びます。難病対応可能な施設か確認が必要です。
220,制度・社会資源,8,難病制度,2,手続き,「指定難病」の申請はできますか？,はい。ただし、ヤール重症度分類でIII度以上、または生活機能障害度がⅡ度以上の場合に医療費助成の対象となります。主治医に相談して診断書（臨床調査個人票）を書いてもらう必要があります。
221,制度・社会資源,8,難病制度,2,手続き,軽症だと難病助成は受けられないのですか？,原則は重症度が基準ですが、軽症でも高額な医療費がかかっている場合（軽症高額特例）は助成対象になることがあります。
222,制度・社会資源,8,難病制度,2,手続き,難病受給者証の更新は必要ですか？,はい、原則1年ごとの更新が必要です。更新時期を逃すと助成が受けられなくなる期間ができるので注意してください。
223,制度・社会資源,8,訪問看護,3,一般,訪問看護は何をしてくれますか？,薬の管理、バイタルチェック、リハビリ、入浴介助、療養上の相談などを行います。病状が不安定な時など心強い味方になります。
224,制度・社会資源,8,訪問リハビリ,4,マッサージ,「訪問リハビリ」と「訪問マッサージ」は併用できますか？,可能です。訪問リハビリは介護保険、訪問マッサージは医療保険（医師の同意書が必要）を使うのが一般的です。目的が重複しないよう、ケアマネジャーや医師と調整してください。
225,制度・社会資源,8,身体障害,5,手続き,身体障害者手帳は取れますか？,手足の不自由さが一定の基準を超えれば「肢体不自由」で取得可能です。平衡機能障害や音声・言語機能障害などで認定されることもあります。
226,制度・社会資源,8,レンタル,6,ベッド,電動ベッドは必要ですか？,起き上がりが困難になると必要になります。介護保険でレンタル可能です。寝返りを打ちやすくするマットレス選びも重要です。
227,制度・社会資源,8,レンタル,6,福祉用具,車椅子はいつから使うべきですか？,転倒のリスクが高まった時や、長距離の移動で疲労が激しい時に導入します。歩行機能を維持するため、必要最低限の使用にするなど、使い分けも大切です。
228,制度・社会資源,8,レンタル,6,福祉用具,歩行器や車椅子は誰でもレンタルできますか？,原則として「要介護2」以上の方が対象です。ただし、パーキンソン病のように状態が変化しやすい場合や医師が必要と認めた場合は、軽度者でも例外的にレンタルできる場合があります（軽度者に対する例外給付）。
229,制度・社会資源,8,お金,7,医療費,薬代が高くて困っています。,指定難病受給者証があれば自己負担上限額が設定されます。また、「重度心身障害者医療費助成制度」などが使える場合もあります。病院のソーシャルワーカーに相談してください。
230,制度・社会資源,8,お金,7,障害年金,障害年金はもらえますか？,初診日に年金に加入しており、障害等級の基準を満たしていれば受給可能です。就労していても、日常生活に著しい制限があれば対象になる場合があります。
231,制度・社会資源,8,お金,7,家族,家族の介護負担が大きいです。,決して一人で抱え込まず、ケアマネージャーに相談して、ショートステイやレスパイト入院（休息のための入院）を利用し、介護者が休む時間を作ってください。
232,制度・社会資源,8,仕事,8,就労,就労に関する相談先はありますか？,ハローワークの難病患者就職サポーターや、難病相談支援センターなどで相談が可能です。
233,制度・社会資源,8,仕事,8,就労,仕事は続けられますか？,症状や職種によりますが、治療を続けながら働いている方はたくさんいます。職場の理解を得て、配置転換や勤務時間の調整を行うことが望ましいです。
234,制度・社会資源,8,患者会,9,一般,患者会（友の会）に入ったほうがいいですか？,同じ悩みを持つ人と情報交換したり、励まし合ったりできるメリットがあります。「全国パーキンソン病友の会」などがあります。
235,制度・社会資源,8,その他,10,サポート,災害時や緊急時に周囲に病気を知らせたいです。,「ヘルプマーク」をカバンにつけたり、友の会が発行している「パーキンソン病カード」などを携帯すると、緊急時に周囲の理解を得やすくなります。
236,基礎知識,9,原因,1,原因,パーキンソン病はなぜなるのですか？,脳内の「ドパミン」という物質を作る神経細胞が減少することで起こりますが、なぜ減少するのか、根本的な原因はまだ完全には解明されていません。
237,基礎知識,9,頻度,2,若年性,若い人でもなりますか？,高齢者に多い病気ですが、40歳未満で発症する「若年性パーキンソン病」の方もいらっしゃいます。就労支援など、高齢者とは異なるサポートが必要です。
238,基礎知識,9,頻度,2,頻度,日本にはどれくらいの患者がいますか？,"人口1,000人あたり1〜1.5人程度、全体で約15万〜20万人いると推計されており、高齢化に伴い増加傾向にあります。"
239,基礎知識,9,検査,3,診断,診断を確定するためにどんな検査をしますか？,症状の診察に加え、MRIやドパミントランスポーターシンチグラフィ（ダットスキャン）、MIBG心筋シンチグラフィなどの画像検査を行って総合的に診断します。
240,基礎知識,9,検査,3,MIBG,心臓の検査（MIBGシンチ）を脳の病気のためにするのはなぜですか？,パーキンソン病やレビー小体型認知症では、心臓の自律神経機能が低下するため、この検査で異常が出ます。他のパーキンソン症候群（PSPやMSA）との識別に役立ちます。
241,基礎知識,9,検査,3,ダットスキャン,「ダットスキャン」とはどんな検査ですか？,脳内のドパミン神経の減り具合を見る画像検査です。パーキンソン病やレビー小体型認知症では集積が低下しますが、本態性振戦や薬剤性などでは正常に見えるため、鑑別に有用です。
242,基礎知識,9,検査,3,診断,MRI検査で「異常なし」と言われましたが、パーキンソン病ですか？,パーキンソン病は、初期のMRIでは目立った異常（萎縮など）が見られないのが普通です。「異常なし（脳梗塞などがない）」ということが、パーキンソン病を疑う根拠の一つになります。
243,基礎知識,9,予後,4,遺伝,親がパーキンソン病です。遺伝しますか？,大半は遺伝性ではありません（孤発性）。ただし、約5〜10％は遺伝子が関係していると言われています。若年発症の場合などは遺伝の可能性を検討することもあります。
244,基礎知識,9,予後,4,進行,病気の進行はどれくらいの速さですか？,個人差が大きいですが、一般的には数年〜数十年単位でゆっくり進行します。「ヤール重症度分類」という指標で進行度を評価します。
245,基礎知識,9,予後,4,予後,寿命に影響はありますか？,適切な治療を行えば、平均寿命とほとんど変わらないと言われています。ただし、転倒による骨折や嚥下性肺炎などの合併症には注意が必要です。
246,基礎知識,9,予後,4,予後,手術や薬で完治しますか？,現時点では、完全に治す（神経細胞を元に戻す）治療法はありません。薬やリハビリで症状をコントロールし、良い状態を長く保つことが治療の目標です。
247,基礎知識,9,予後,4,心構え,この病気とどう付き合っていけばいいですか？,「一病息災」の気持ちで、病気を受け入れつつ、今の機能を維持することに目を向けてください。薬を正しく飲み、リハビリを続け、楽しむことを見つけることが大切です。あなたは一人ではありません。
248,基礎知識,9,予後,4,予後,「難病」と言われました。寝たきりになりますか？,進行性の病気ですが、個人差が大きいです。早期からのリハビリ、嚥下機能の維持、合併症の予防を行うことで、進行を緩やかにし、自立期間を延ばすことができます。
249,基礎知識,9,予後,4,看取り,自宅で最期まで過ごせますか？,訪問診療、訪問看護、訪問介護などのサービスを組み合わせることで可能です。家族の協力や医療・介護チームとの連携が必要になります。
250,基礎知識,9,予後,4,終末期,最後はどうなりますか？,進行すると寝たきりになることもありますが、個人差があります。嚥下障害や栄養管理、どこで過ごしたいかなど、元気なうちから「人生会議（ACP）」をしておくことが大切です。
251,基礎知識,9,遺伝,5,一般,パーキンソン症候群も遺伝しますか？,ほとんどのパーキンソン症候群（PSP、MSA、CBDなど）は遺伝性ではありません（孤発性）。家族歴を心配しすぎる必要はありません。
252,基礎知識,9,遺伝,5,相談,子供への遺伝が心配で検査を受けたいです。,「遺伝カウンセリング」を行っている専門医療機関で相談してください。遺伝子検査のメリット・デメリットを十分に理解した上で判断する必要があります。
253,基礎知識,9,その他,6,難病,なぜ難病（指定難病）なのですか？,発症原因が不明で、治療法が確立しておらず（完治しない）、長期の療養が必要なためです。しかし、研究が進み、適切な治療で長く良い状態を保てるようになっています。
254,類縁疾患・その他,10,診断の迷い,1,一般,「レビー小体型認知症」と診断名が変わりました。なぜですか？,パーキンソン病とレビー小体型認知症は、脳内の変化がほぼ同じ兄弟のような病気です。「運動症状」が出てから1年以内に認知症が出ればレビー小体型、1年以上経ってからならパーキンソン病に伴う認知症と呼び分ける「1年ルール」が一般的です。
255,類縁疾患・その他,10,診断の迷い,1,進行性核上性麻痺,「進行性核上性麻痺（PSP）」の特徴は？,転倒しやすい（特に後ろに倒れる）、眼球が上下に動きにくい、飲み込みが悪くなる、といった特徴があります。パーキンソン病よりも進行が速い傾向があります。
256,類縁疾患・その他,10,診断の迷い,1,進行性核上性麻痺,進行性核上性麻痺に効く薬はありますか？,根本治療薬はまだありませんが、少量のレボドパが一時的に効くことがあります。その他、抗うつ薬などが使われることもあります。リハビリや環境整備が非常に重要です。
257,類縁疾患・その他,10,診断の迷い,1,大脳皮質基底核変性症,「大脳皮質基底核変性症（CBD）」の特徴は？,左右どちらかの手足が極端に動かしにくい、自分の手が勝手に動く（他人の手徴候）、道具がうまく使えない（失行）などの症状が特徴です。
258,類縁疾患・その他,10,診断の迷い,1,多系統萎縮症,「多系統萎縮症（MSA）」とはどんな病気ですか？,パーキンソン症状に加え、ふらつき（小脳失調）や、著しい立ちくらみ・排尿障害（自律神経障害）が強く出る病気です。
259,類縁疾患・その他,10,診断の迷い,1,多系統萎縮症,パーキンソン病と多系統萎縮症の見分け方は？,MRI検査で小脳や脳幹の萎縮が見られるか、レボドパの効きが悪いか、初期から重度の自律神経症状があるかなどで総合的に判断します。
260,類縁疾患・その他,10,診断の迷い,1,特発性正常圧水頭症,「特発性正常圧水頭症（iNPH）」は治る認知症と聞きましたが？,脳室に髄液が溜まって圧迫する病気で、歩行障害、認知症、尿失禁の3徴候が出ます。「シャント手術」で髄液を抜くことで、劇的に改善する可能性があります。
261,類縁疾患・その他,10,診断の迷い,1,特発性正常圧水頭症,パーキンソン病と正常圧水頭症を合併することはありますか？,あります。高齢者では両方の病気を持っていることがあり、その場合は薬物療法と手術の両方を検討することがあります。
262,類縁疾患・その他,10,診断の迷い,1,レビー小体型認知症,「レビー小体型認知症（DLB）」と言われました。パーキンソン病と関係ありますか？,非常に近い親戚のような病気です。運動症状が先に出れば「パーキンソン病」、認知症（特に幻視や認知機能の変動）が先か同時期に出れば「レビー小体型認知症」と診断されます。
263,類縁疾患・その他,10,診断の迷い,1,レビー小体型認知症,認知症の症状が強いのですが、運動機能も悪くなりますか？,はい。進行とともに動作が遅くなったり、筋肉がこわばったりするパーキンソン症状が現れることが多いです。転倒に注意が必要です。
264,類縁疾患・その他,10,診断の迷い,1,治療方針,もしパーキンソン病じゃなかったら、治療法はないのですか？,病気によって治療法は異なりますが、対症療法やリハビリで生活の質を保つことは可能です。神経難病の特定疾患（難病指定）の対象になるものも多いため、正確な診断が支援を受ける第一歩です。
265,類縁疾患・その他,10,診断の迷い,1,種類,「パーキンソン症候群」と言われました。違うのですか？,パーキンソン病と似た症状が出ますが、原因が脳血管障害や薬剤、他の神経変性疾患である場合を総称してこう呼びます。治療反応性や経過が異なる場合があります。
266,類縁疾患・その他,10,診断の迷い,1,全般,「パーキンソン症候群」と「パーキンソン病」は何が違いますか？,パーキンソン病のような症状（震え、動作緩慢など）が出る病気の総称が「症候群」です。その中で、原因が特定できないものを「パーキンソン病」、脳血管障害や薬などが原因のものを「パーキンソン症候群」と区別して呼びます。
267,類縁疾患・その他,10,診断の迷い,1,脳血管性,「脳血管性パーキンソン症候群」とは何ですか？,脳梗塞や脳出血の後遺症として、パーキンソン病のような症状が出ることです。特に「歩行障害」が目立ち、手の震えは少ないのが特徴です。
268,類縁疾患・その他,10,診断の迷い,1,脳血管性,パーキンソン病の薬（レボドパ）は脳血管性にも効きますか？,残念ながら、パーキンソン病ほど劇的な効果は期待できないことが多いです。治療は脳血管障害の再発予防やリハビリが中心になります。
269,類縁疾患・その他,10,診断の迷い,1,本態性振戦,手が震えるのですが、「本態性振戦」と言われました。,パーキンソン病の震えは「じっとしている時」に出ますが、本態性振戦は「コップを持つ、字を書く」など動作をする時に震えるのが特徴です。別の病気です。
270,類縁疾患・その他,10,診断の迷い,1,薬剤性,薬の副作用でパーキンソン病になることがありますか？,「薬剤性パーキンソン症候群」です。胃腸薬、精神安定剤、うつ病の薬などの一部で起こります。原因となっている薬を中止すれば、通常は数ヶ月で改善します。